-- phpMyAdmin SQL Dump
-- version 5.0.3
-- https://www.phpmyadmin.net/
--
-- Host: 127.0.0.1
-- Generation Time: Jan 15, 2021 at 06:17 PM
-- Server version: 10.4.14-MariaDB
-- PHP Version: 7.4.11

SET SQL_MODE = "NO_AUTO_VALUE_ON_ZERO";
START TRANSACTION;
SET time_zone = "+00:00";


/*!40101 SET @OLD_CHARACTER_SET_CLIENT=@@CHARACTER_SET_CLIENT */;
/*!40101 SET @OLD_CHARACTER_SET_RESULTS=@@CHARACTER_SET_RESULTS */;
/*!40101 SET @OLD_COLLATION_CONNECTION=@@COLLATION_CONNECTION */;
/*!40101 SET NAMES utf8mb4 */;

--
-- Database: `umaue`
--

-- --------------------------------------------------------

--
-- Table structure for table `umaue_kerkese`
--

CREATE TABLE `umaue_kerkese` (
  `ID_Kerkese` int(11) NOT NULL,
  `Emri_Shtetit` varchar(50) NOT NULL,
  `Gjuha` varchar(50) NOT NULL,
  `Numri_Popullsise` int(11) DEFAULT NULL,
  `Arsyet` varchar(100) NOT NULL,
  `Email` varchar(50) NOT NULL,
  `ID_Kontinenti` int(11) NOT NULL,
  `Foto_Flamurit` blob NOT NULL,
  `Emri_Dosjes` varchar(50) NOT NULL
) ENGINE=InnoDB DEFAULT CHARSET=utf8mb4;

-- --------------------------------------------------------

--
-- Table structure for table `umaue_kontinentet`
--

CREATE TABLE `umaue_kontinentet` (
  `ID_Kontinenti` int(11) NOT NULL,
  `Kontinenti` varchar(50) NOT NULL
) ENGINE=InnoDB DEFAULT CHARSET=utf8mb4;

--
-- Dumping data for table `umaue_kontinentet`
--

INSERT INTO `umaue_kontinentet` (`ID_Kontinenti`, `Kontinenti`) VALUES
(1, 'Europa'),
(2, 'Amerika Veriore'),
(3, 'Amerika Jugore'),
(4, 'Afrika'),
(5, 'Azia'),
(6, 'Australia');

-- --------------------------------------------------------

--
-- Table structure for table `umaue_perdoruesit`
--

CREATE TABLE `umaue_perdoruesit` (
  `PID` int(11) NOT NULL,
  `perdoruesi` varchar(50) NOT NULL,
  `fjalkalimi` varchar(50) NOT NULL,
  `email` varchar(50) NOT NULL
) ENGINE=InnoDB DEFAULT CHARSET=utf8mb4;

--
-- Dumping data for table `umaue_perdoruesit`
--

INSERT INTO `umaue_perdoruesit` (`PID`, `perdoruesi`, `fjalkalimi`, `email`) VALUES
(606, 'ko', '123', 'huruglicagenit@gmail.com'),
(607, 'Genit', '123', '');

-- --------------------------------------------------------

--
-- Table structure for table `umaue_shtepia_a_tdh`
--

CREATE TABLE `umaue_shtepia_a_tdh` (
  `ID` int(11) NOT NULL,
  `shtepia_a` varchar(200) NOT NULL
) ENGINE=InnoDB DEFAULT CHARSET=utf8mb4;

--
-- Dumping data for table `umaue_shtepia_a_tdh`
--

INSERT INTO `umaue_shtepia_a_tdh` (`ID`, `shtepia_a`) VALUES
(1, 'Ky modul mundëson menaxhimin e të dhënave të uebaplikacionit (Moduli Përdoruesit dhe Modulin i Administratorit).\r\n');

-- --------------------------------------------------------

--
-- Table structure for table `umaue_shtetet`
--

CREATE TABLE `umaue_shtetet` (
  `ID_Shteti` int(11) NOT NULL,
  `Emri_Shtetit` varchar(50) NOT NULL,
  `Gjuha` varchar(50) NOT NULL,
  `Numri_Popullsise` int(11) DEFAULT NULL,
  `ID_Kontinenti` int(11) NOT NULL,
  `Foto_Flamurit` blob NOT NULL,
  `Emri_Dosjes` varchar(100) NOT NULL
) ENGINE=InnoDB DEFAULT CHARSET=utf8mb4;

--
-- Dumping data for table `umaue_shtetet`
--

INSERT INTO `umaue_shtetet` (`ID_Shteti`, `Emri_Shtetit`, `Gjuha`, `Numri_Popullsise`, `ID_Kontinenti`, `Foto_Flamurit`, `Emri_Dosjes`) VALUES
(10, 'Shqiperia', 'Shqip', 2795666, 1, 0x47494638376170005000f76f00231e1f211e1f1b1d1f151d1f161d1f161e1f151e1f191e1f1f1f202421202822212b23222e24223224233925243e26244727254c28255028255329255629265a2a26612b27672b276f2c27722d28742d28782d287d2e28842e298a2f2a912f2a992f299f2f29a42f29a92e29af2e29b22f29b72f29ba302abc302abd302abe2f29c22f29c82f28ce2e28d12d28d52c27d72c27da2b27da2a26db2b26db2b27dc2c27dc2d27dd2d28dd2e28de2e28de2f29df2f29e02e29e12e29e22e28e32e28e42e28e62e28e92e28eb2e27ee2d27ed2c27ec2c26eb2b26e92b26e72a25e62a25e52925e42925e32925e22925e12a25e02925df2925de2925de2825dd2824dc2824db2723da2723d92723d92823d92824d92924d92925d82925d82a25d82a26d72a26d92a26da2b26d92b27da2c28d92d28d92d29d92e29d82e29d72e29d72f29d62f29d6302ad5322cd63831d56153d56255d56355d56456d57d71d57e72d57e73d57f73d7847ad8877fd98880db9892e0b8b6e1b9b8e1b9b9e2bab9e6c8c7e8cccc0000000000000000000000000000000000000000000000000000000000000000000000000000000000000000000000000000000000000000000000000000000000000000000000000000000000000000000000000000000000000000000000000000000000000000000000000000000000000000000000000000000000000000000000000000000000000000000000000000000000000000000000000000000000000000000000000000000000000000000000000000000000000000000000000000000000000000000000000000000000000000000000000000000000000000000000000000000000000000000000000000000000000000000000000000000000000000000000000000000000000000000000000000000000000000000000000000000000000000000000000000000000000000000000000000000000000000000000000000000000000000000000000000000000000000000000000000000000000000000000000000000000000000000000000000000000000000002c00000000700050000008ff00f5c88103278ec18308132a5cc8b0a1c3871023462cf8460f9e3362c4c420c3b1a3c78f20438a1c49b2a4c99326c590c962074f192e3262ca9c49b3a6cd9b3873eadcc9b3a78c1857e8e421136646988c48932a5dcab4a9d3a750a34a954a638c959666628aa1c1b5abd7af60c38a1d4bb6acd9b3667f5eb193272b8dad68e3ca9d4bb7ae573257dbca786bb7afdfbf74f1b2750b17b0e1c38805ebe58bb8b1e3ba8a093f9e4cb96ce4bd852bd3a029466be79f5d357afe2ca37366cd97196be61a83468c31b05bd3980196b66bd86364db5ecd35f569bba4659a163e464613264f647cd95a5a78cc2f329e3069a2dc7470e19f0ffb3e4c3bb657da5fa430ffb15162848a334a648489c93a26172638548c2091868994f5b3bbbe1ea35f7b5ec980ed158614c939f7c5132c942081020c24f0800768d000c64c5fd07003081128b00003108cc0420dcb6dd6dc134f64c49e61db051846142ca860837a3175710408061830c00518082040010f6ce0c27d3270014307101ca063051ad468000745ccc4450d2ab010c57a7ba1f81f66868d01850a0d2060410d5d14f7c5080f60f0c103020400c09a09acb0040c3181e1041b0d009000000108d080071c3810c20b7132c101020a8cd00474fe0d862560602441230006847004185f9481c1051ff439000102ac8900062d4cb9de0b1c24a0a600070cc0c0061e6460810b3234ff6a0202000cd001121326bad86f757dc1c4089d06b040083e3001851148a8604105cb3ad029a410a4c10518365830400009e8c96c05158c804411c801418203012850c007b85609588a7f8d21850b0d0860aa00128c20c2062c2071c413353c7146050400a080012024e14409cf0a00410b40f47bc4112d740082091520506e0008a800057e562aaa9a5fcafdba00a7000880c002052c7041093734d1c5142b28a066000c94c0c203b4028000094c74e1440f2a64d0c0000924107000042400821213aafb17bb20cb4006091854d0e501041c70a7d6138450c6134000bca6000e409074b610dcc0c40d2354a00001a7668d0003145c2042d34efb05755f5f28ff318201025470020a248c3082b36b1e70c0031ddcf0410178ce6b2a00046800c407100800379ec3167e420a182060c0074920daf1ae7fb5d677080528a06d061850606a00d8e2694009b3e289ede4001400420b05743a3bed1260e0aa03070c7c6baea703d85769eb9d2101a703546f40020bd08e279e0cb87002addaafa9660121fc80a6eeb42f90808dd5a3fa400b40eaeabc5d31ad07c30712706ba60a3a7870c0f6256b800e3af0bff06d8f0017084204b4a6bdcae9600520c800b722d00158716c5d57fa585d9e03840c1880011868430fcaa0820dc86c7b1643c0034e6840da61eb01c37361022e608217eca00d1c6880012ae0830b3e2d83bc924b9cff826081800980010e18d8f586b7bd34e96e4d505453c966f644252ac0010df89fc26e0013f92dea79ca69c2081280b5ea258002f361a2ceee24c59c6d4f4d6c8462c926668105544f6e1f5082e930e8b120ca250641f2010830404810ac0108238000f8a81845398acf91540c800340b0033588200338f200174fc447d4f9652b7d1381833a40021274e00135429f2357c94af169af460ee0c07c3ca0480fe8316f7dd99b5d1af5816b298e0003d82108b2c7c856b6928a08f800066c5400c50560001b48971735689701b940020838800110100111104104079899148dc94a17f6ce034428c10444c7a907ac604ab8b48b2e37b8221168a0031f40810e5ab0ff4c0610739ce48424ed14a0c30aac600710ec80063e5003994cd38f72595d01e8c6010d2cb0001c68c30201185081eaa90d1f101d0430c0010be8900349605e27e7d7175e1a8072d51bc0c28830283576d495a74a201b2ac0be8041539acdfba25f06d48208e4c94120d0c1e10cb0008b15f3a62e44d902923a820cd1ee011adbe30ffb689830b2c003f80cc1293fb8820c10cd621c25a7390940819b19c0011b08c1073ae0011430013af1840c100d238628aca001486c6af52a0004132440016c942240e5d846282ae0002120c2320720800534a0010a20c1a1f21a98bd02660c4d208101f294a7036480087f83401bcc364ef0add28d796a401b2c303a22ff78000170ebd40048a7d2ad7af22feba9d601109000089080081f78eb0f4a7032060460b83a8baef8c0672406f98e08125812115430010520400011f8910ff5e6d9bfa8470a3be880053a700212d0f6016c20c1c9663bba0a3070b10a03010220e00608100c08131840bd52f0010b68800d50c0eb43bb2a831a6040018825e300266901d19180461420421179273eb411610306d8c00a1250000a80000203d0da9d1450013871d2b72cb58bbb5a70c2b131a00212be000852f501704211b66a3280074810cc0e7080b208a000f2e45800136c76c101e2c20d244059010ca0012570006513c082080ca04768b59362a378008b5eb9055a4e5a09fcaba3098b97ffb37399275dd4c3220b3c00021a6041124410810898e0082cd800052c66aa2da3d5ca3343800432700240530002794c430722f0000a9ce0090a0e2a3537488301fde00c38480f189ec00335a8e0031770d6a912908108c8ab643d62c0ffb2c5000b7cc00469c8c16695900335f8e009f881a85ce44c97adc4603dd302240cb4d0025416408a048080098ae001a2d50a0345580105028627027c50055200836bc0c0052e84813f9b9667794126a2e8fca0096088b7148e500205d809000790c01aa6508309680dd62e98c20e2c306b9d45360af11e35107a2013da083b2ec49e73df3cd080102041094050c1058a263301c0970a48d06f870fc00121682107feffb693772b60021f28c10859d6c066e1dc59ae1e26483508c1062c40010f58404334acf7014ab004414e2e7c02e8400e98c082c78a40051a68c0197d8ea40fb898e6715eb77907b4020e6400950678401b86b0042298e0034460c105461b43daed1005450841649780843664d7000dc0c0064cf00498607dd85a07d91792404b1068c0036c58fbc42680cf3a1a20020d70a10b1590dd0454c0031ea04008984b8116840003219080066ee99888cfa57e356041928900853398c95aa9a22c0858e05c5526a0bd0aa85e01640a020bb4c009450071097ce08598c806ca37f755554f10eef7004104f6bef10ace80623539f5990e68810b2e80d9047ce0074008b7ff145840813c663a318107e3666ac083126d060c614010073ac08211e81003f112df023240a8107c55032a901cf0a71efcd26ec7877c863103cc716e7ca11c51a0020b2030bbf70127903dba9300223002056000f6860022e004993606f8310333f0778067738701483f0148a4f10550f03d9b322ccc450039934de453020d4000de260233f7132bc81e07a8690fc760073202383257ca83019c527e0880000b854920004f2f861ae9f718330048beb203d8a4390f10041590265d480148f63ea5b319f9c11b34607a29583f32e0020c90620ab002ac732706d0016ae000bb973152001d2a888669588593f11c5ba2011cc0021ff03fdbb3246cd00119500298ff66828da186882113f177714d0002c8b3350cd00133900441b031538886928818b6310694f2054ba00615a330f9c2055f007faee1875f318a0ce6507122053900010cc0064e0006d70189e88782b2c81a25182b4c40022190522b188bc3781780c81ba5014861400335402533d18cce288cd8d86e30128adb488b93a111ac1184db988dbf558e5c210357e850e8d815e0d88ed8f88ef0388cf2388f7e588ff6c81bf8988f54a88dfc388f82810744d18d3e519006799008699063700575900767b01128119112399114599120610655600777f00558d09159f0912019922239922459922679922899922a999258b00558300780b0077cd0077de007367993381699933ab9933cd9933ef9934019944059937cf0070101003b, 'SH.gif'),
(11, 'Suedia', 'Suedisht', 9500000, 1, 0x47494638376178004c00f50000385888d0b8309098582858a8e8c8184068983868a0f0d010b8a84088885898a0503060a0486898d8c028e8d018407098487090f8d810e0c81880886840608098a058c0b038d8c8202860a89098604068a03860a0a0a050b8b040909050e0c8208890680000000000000000000000000000000000000000000000000000000000000000000000000000000000000000000000000000000000000000000000000000000000000000000000000000000000000000000000000000000000000000002c0000000078004c000006ff408670482c1a8f480dc882e8389f508465a2415aafd8ac7668e87abfe0b0788c511c248eb47a2d396430e3b87c4eafdbeff27284b0ee3b081102707884858687737a7c7e6a806f88909192748a8c8d118f939a9b9195967f98839ca3a4759e968ea2a5abac5ea78ca9adb2acaf7eb1b3b89cb57db7b9be9d0a7b9fa099bfc686bb6bbdc7cc76c997c5cdd279c18ba8a1d3d971cf69cbdadf06dcc4aae0dae2dee5d3e7d8e9dfebd1edd2efe4f1ccf3f5d9f7f8f2d5c3e8fbbef4013c2670e0af820673214c38abcc016bb00e0862f86581c58b18336adcb871c3800ac23e391ab081a3c9932853aab4f8a0a5cb973063ca9409c1008787fe0e54300061a6cfff9f40830a6d79a1a8d1a348932a5d7ae1c3b0351f984a9d4ab52ad5a758b36addcab5abd7af60c38a1d4bb6acd9b368d3aa5dcbb6addbb770e3ca9d4bb7aeddbb78f3eaddcbb7afdfbf80030b1e4cf8abd5c34b9d668d8ab8b1e3c305224b9e4cb9b265cb356f42b4a593e7e5cfa0438b1e1d79a5698d063e86bc96618081d3b063af6c6866332f89f428d2ea27929d6edaab61f9fedd6a217152c68febe2cd3ab7f24dc99f4f8a2e1d58705bc3ab43672e1c9ef6e9dcb17bff6eddb6b2ece4cbfb439f1e11f5f678dec377169e17fbf984e4e34f54fffcf8fd77e8072019fd41e3dc809414d8cd7d08f2779d7dff3548cd83fe1d282181141a78617c0a8eb33661801dfef3a1180e99d7086e239a120c560cee43c18b30c628e38c34d60880070d04a0e38e3cead8400200d428e490441669248c4100003b, 'S.gif'),
(13, 'Kina', 'Kineze', 1339724852, 5, 0x47494638376177005000f62e00ed2027ed2128ed2228ec2228eb2428eb2427ec2327ec2326ec2226ec2227ed2227ed2127ed1f27ec2027eb2027eb1f27eb1f26ec1f26ec1e25ec1d24ed1c23ee1c22ee1b22ed1b1fed1a1fec1522eb1423eb1323eb1025eb1125eb1225eb1426ec1426eb1526eb1726eb1826eb1a26eb1b26eb1d26ec2026ec2126ec2426ec2826ec2b27ec2c27ec2f27ec3227ec3627ec3b26ec3f26eb4427eb4b27eb5027eb5928eb5d28eb6228eb6528eb6929ec6c29ec7029ec722aec752aec7a2aec7e2aed822bed872bed8c2bed8f2bed922bed952bed9a2bed9f2beda32ceda72cedab2cedb02ceeb42ceeb92ceec02ceeca2deed32dedd92deede2eeee12eeee32eeee52eeee62eeee82eeee92feeea2feeeb2feeee2feeef2feef12feff32feff42feef42feef32feff02fefee2fefed30efeb30efe930efe830efe630eee031eed533edc936e15257e0585ddd656bdd666cdc676ddc676ed87a7dd87b7ed77c7fd77d80d58385d38b8cd38d8dd38d8ed38e8ed28e8ed295940000000000000000002c00000000770050000007ff807671716f70868788898a8b8c8d8e8f9091928a6f716e7c6d0605049c9d9e9fa0a1a2a3a4a5a6a7a8a20515756c0b080e270db3b4b5b6b7b8b82828010db2b9c0c1c2c3c4b70e0618726c07080001cfd0d1d2d3d4d300d7080cd7ced5dddedfe0e1d2000617746c08cd0ddbecedeeefdb0b00f20c060b01262a27f0fcfdfeff00dfad3b8061ceb266e1ae2d5838afdb3604043630e08043070805dbc469dcc8715cb973ccb881bb17c099486bce46e420d22286191c200c9cec48b3663572e60eceb456f29a047924a92964a0228a95285f667028216fa7cda71d718244e8b02703022e7e3a7db62d85061a61b09479f203c6bead50d38293aaf39bb30524ff5e1c618a56215c245fce6449f38447826b6a036f641bd2dbb6031b6e9469c19421ca0526844c513265ca0b10230037651854b067ae1fdb3a1c18c208181c1e30de5c4074c60a0e40a40010402000839ef7e6a1fdfc9430d59bce26ac80f24549880319c73963304282041545523090a7820402030e2834e5cddbf7ee6b0a44d41053464a0b138e852e10308f6836051f78e4e03082418c0780b97bf61e0068ee760278605a155fc0245372ff290458040eac07820d5dd03083133a84205349fa05c69f6e0108e0a101022850c0022a40c105814964908202207ae86143d2e4260f072f906145184f3880616719f6165a61f2d8060208210c0982081cd0e0c5ff19677011850a1c144964912134c58d82f2a4500313599c01460f1ca4c04e8f696db84009352c81841147b47984114e747106165890b1049b6e1e910412314c1024340a4d708313546091c51764d410420adb91e9634e851d06c4175f8441e91760c8496716655c4aa91760486183046745b30d0a0c986042125f0861041330508040033c3acad186d74c14831360a051851568e845a719669c016c159d22418007094c37936e00a4c081104f70c0413eceee66ab5b3ffe768d01231c50c4175ba09105b1c466712e16557881050f214c201d0acf96d40003086c90830d211000c003186e6b93990aa5208107374801c615666441a7a1747ee1840c1d84a4e0ff38db39a0427fec0025304dfc416365011fbcd00417570c4be7195d14e1800829aca32d57b6f5f7b15a2173bc1994935aa1321656783103082a6c06e36a25dd96dccd2077bbd33cac31f0849c5d3289051a5f141142013d3994110044b520414fd0323d98d3d4dc33c20c649871f5185f54ed0514d2697b0f49e1d12044062a003076c0668b9333a0001ce041105f547105184f005105185564e1050d2310f0a750434da4d86b25ac204b7e81af85b6720898e004179d26c10207323c013918436880515ddbb424577147343143097fcd1c7a49a39bbac0083258f1051af042a08208081841e9130638ebf599137e3186156078a18308075cfebb61c1032a40ff073f803131080428c0c001278480c314498d908d7acf2c44420140a0d129101c10a00de0dfbb49f8eac7000738e10827a81c7b0070827478e0056b28426a9ce21f0034c00022608116d280852848a76b01041fa47e23b212bce00620a8c7953856001114000775e38a6e9a928001c8c3001ed0411a60008326e84003170aa108a7f2b46b1cc74a322c89004e4002e49c841bd361000ae4918010e440069829010cf0e3bbef0d2e89dd3bda5bb6a180305ec9192528c101b4b88311342b0126284101baa7b42efeee8b84334935ac14946b98e0053040d29d3c90020c2d90634214dd088bb8108f3d8621575a00055ce0042608010c45e00008d003b5852431ff91025ce467be15821974aa0c6a30820eb2e23d50724b94fb01800308c0015659410c5430420ce8e24ac10db04c850b810e12f7052638a00374b12328f10895f6b420093e68c1139cd081422ad395ccec0d6bfa06020fc44009f891d93585984d6d6ac3000a30a10ab431ce4496b32633dc4c051cb0b45e2a92883d7ac8c5ec99905f7e464600e4e71045a31f9370a69de4f4a740bda8d08586ee9d0e651a4423fab18952745b16bda8a332aad17c36b4a318fd2848372ad2917a14962695684953ca1d8eb254302e7d29ce562a5398d2b4a63345294ec914d39dc2f3a63e1d185083da349d12b53b433dead98caa549b32b5a939c527544799d4a9be52aa5659d55055b31a4aac72b5995bfdaa479e2ad65b85b5aca0b980412a50010bb0f5ad708dab5ce74ad7badaf5ae78cdab5ee7ead60cc8810f7ac8c31ef0a087c21af6b0884dac6217cbd8c63af6b1908dec61f180873cdc810f8100003b, 'K.gif');

-- --------------------------------------------------------

--
-- Table structure for table `umaue_tedhenat`
--

CREATE TABLE `umaue_tedhenat` (
  `ID_Tedhenat` int(11) NOT NULL,
  `Titulli` varchar(100) NOT NULL,
  `Pershkrimi` varchar(1000) DEFAULT NULL,
  `Dosje` varchar(300) DEFAULT NULL,
  `Pamja_Faqes` varchar(50) NOT NULL
) ENGINE=InnoDB DEFAULT CHARSET=utf8mb4;

--
-- Dumping data for table `umaue_tedhenat`
--

INSERT INTO `umaue_tedhenat` (`ID_Tedhenat`, `Titulli`, `Pershkrimi`, `Dosje`, `Pamja_Faqes`) VALUES
(1, 'Uebaplikacioni për Menaxhimin e Antarësimeve në Unionin Europian', '\r\n', '', 'Koka.P'),
(2, 'Adresa', 'Rr. Ymer Gashi, Ferizaj, Kosovë,  70000<br>\r\n						Tel: +383 278-840-772<br>\r\n					    e-mail: info@umaue.net', '', 'fundifaqes_Adresa'),
(3, 'Rrjete_Sociale', '<ul class=\"icons\">\r\n						<li><a href=\"#\" class=\"icon fa-twitter\"><span class=\"label\">Twitter</span></a></li>\r\n						<li><a href=\"#\" class=\"icon fa-facebook\"><span class=\"label\">Facebook</span></a></li>\r\n						<li><a href=\"#\" class=\"icon fa-instagram\"><span class=\"label\">Instagram</span></a></li>\r\n						<li><a href=\"#\" class=\"icon fa-snapchat\"><span class=\"label\">Snapchat</span></a></li>\r\n					</ul>', '', 'fundifaqes_RrjeteSociale'),
(4, 'E_Drejta_Autorit', '© UMAUE. Te gjitha te drejtat jane te rezervuara. © Kreditet : templated.co per shabllonin falas .  Fotot: Unsplash,Flags of the World - Worldometer', '', 'fundifaqes_E_Drejta_Autorit'),
(5, 'Meny', '<nav id=\"menu\">\r\n				<ul class=\"links\">\r\n					<li><a href=\"ballina.php\">Ballina</a></li>\r\n					<li><a href=\"kerkesat.php\">Kërkesat për Antarsim në Unionin Europian</a></li>\r\n					<li><a href=\"perdoruesit.php\">Përdoruesit</a></li>\r\n					<li><a href=\"ckycu.php\">Ckycu</a></li>\r\n				</ul>\r\n			</nav>\r\n', '', 'Meny_Administratorit'),
(8, 'Meny', '<nav id=\"menu\">\r\n				<ul class=\"links\">\r\n					<li><a href=\"index.php\">Ballina</a></li>\r\n					<li><a href=\"kerkese.php\">Kërkesë për Antarsim në Unionin Europian</a></li>\r\n					\r\n				</ul>\r\n			</nav>', '/', 'Meny_Perdoruesit'),
(9, 'Uebaplikacioni për Menaxhimin e Antarësimeve në Unionin Europian', '\r\n', '', 'Koka.A');

-- --------------------------------------------------------

--
-- Table structure for table `umaue_t_pergjigjet`
--

CREATE TABLE `umaue_t_pergjigjet` (
  `id` int(11) NOT NULL,
  `pyetje_id` int(11) NOT NULL,
  `pergjigje` varchar(200) CHARACTER SET latin1 COLLATE latin1_spanish_ci NOT NULL
) ENGINE=InnoDB DEFAULT CHARSET=utf8mb4;

--
-- Dumping data for table `umaue_t_pergjigjet`
--

INSERT INTO `umaue_t_pergjigjet` (`id`, `pyetje_id`, `pergjigje`) VALUES
(1, 1, 'Europa'),
(3, 1, 'Afrika'),
(4, 1, 'Azia'),
(5, 2, 'Brazil'),
(6, 2, 'Kine'),
(7, 2, 'Japoni'),
(8, 3, 'Paris'),
(9, 3, 'Ferizaj'),
(10, 3, 'New York');

-- --------------------------------------------------------

--
-- Table structure for table `umaue_t_pyetje`
--

CREATE TABLE `umaue_t_pyetje` (
  `id` int(11) NOT NULL,
  `pyetje` varchar(200) NOT NULL
) ENGINE=InnoDB DEFAULT CHARSET=utf8mb4;

--
-- Dumping data for table `umaue_t_pyetje`
--

INSERT INTO `umaue_t_pyetje` (`id`, `pyetje`) VALUES
(1, 'Cili eshte kontinenti yt i preferua ?'),
(2, 'Cili eshte shteti yt i preferuar'),
(3, 'Cili eshte qyteti yt i preferuar');

-- --------------------------------------------------------

--
-- Table structure for table `umaue_t_sondazhi`
--

CREATE TABLE `umaue_t_sondazhi` (
  `id` int(11) NOT NULL,
  `pyetje_id` int(11) NOT NULL,
  `pergjigje_id` int(11) NOT NULL,
  `antar_id` int(11) NOT NULL
) ENGINE=InnoDB DEFAULT CHARSET=utf8mb4;

--
-- Dumping data for table `umaue_t_sondazhi`
--

INSERT INTO `umaue_t_sondazhi` (`id`, `pyetje_id`, `pergjigje_id`, `antar_id`) VALUES
(1, 1, 1, 600),
(2, 2, 5, 600),
(3, 3, 8, 600),
(4, 1, 3, 601),
(5, 2, 7, 601),
(6, 3, 9, 601),
(7, 1, 1, 100),
(8, 2, 7, 100),
(9, 3, 10, 100),
(10, 1, 4, 165),
(11, 2, 6, 165),
(12, 3, 9, 165),
(13, 1, 4, 604),
(14, 2, 6, 604),
(15, 3, 9, 604);

--
-- Indexes for dumped tables
--

--
-- Indexes for table `umaue_kerkese`
--
ALTER TABLE `umaue_kerkese`
  ADD PRIMARY KEY (`ID_Kerkese`),
  ADD KEY `UMAUE_Kerkese` (`ID_Kontinenti`);

--
-- Indexes for table `umaue_kontinentet`
--
ALTER TABLE `umaue_kontinentet`
  ADD PRIMARY KEY (`ID_Kontinenti`);

--
-- Indexes for table `umaue_perdoruesit`
--
ALTER TABLE `umaue_perdoruesit`
  ADD PRIMARY KEY (`PID`);

--
-- Indexes for table `umaue_shtepia_a_tdh`
--
ALTER TABLE `umaue_shtepia_a_tdh`
  ADD PRIMARY KEY (`ID`);

--
-- Indexes for table `umaue_shtetet`
--
ALTER TABLE `umaue_shtetet`
  ADD PRIMARY KEY (`ID_Shteti`),
  ADD KEY `UMAUE_UKZ` (`ID_Kontinenti`);

--
-- Indexes for table `umaue_tedhenat`
--
ALTER TABLE `umaue_tedhenat`
  ADD PRIMARY KEY (`ID_Tedhenat`);

--
-- Indexes for table `umaue_t_pergjigjet`
--
ALTER TABLE `umaue_t_pergjigjet`
  ADD PRIMARY KEY (`id`);

--
-- Indexes for table `umaue_t_pyetje`
--
ALTER TABLE `umaue_t_pyetje`
  ADD PRIMARY KEY (`id`);

--
-- Indexes for table `umaue_t_sondazhi`
--
ALTER TABLE `umaue_t_sondazhi`
  ADD PRIMARY KEY (`id`);

--
-- AUTO_INCREMENT for dumped tables
--

--
-- AUTO_INCREMENT for table `umaue_kerkese`
--
ALTER TABLE `umaue_kerkese`
  MODIFY `ID_Kerkese` int(11) NOT NULL AUTO_INCREMENT, AUTO_INCREMENT=58;

--
-- AUTO_INCREMENT for table `umaue_kontinentet`
--
ALTER TABLE `umaue_kontinentet`
  MODIFY `ID_Kontinenti` int(11) NOT NULL AUTO_INCREMENT, AUTO_INCREMENT=23;

--
-- AUTO_INCREMENT for table `umaue_perdoruesit`
--
ALTER TABLE `umaue_perdoruesit`
  MODIFY `PID` int(11) NOT NULL AUTO_INCREMENT, AUTO_INCREMENT=608;

--
-- AUTO_INCREMENT for table `umaue_shtepia_a_tdh`
--
ALTER TABLE `umaue_shtepia_a_tdh`
  MODIFY `ID` int(11) NOT NULL AUTO_INCREMENT, AUTO_INCREMENT=2;

--
-- AUTO_INCREMENT for table `umaue_shtetet`
--
ALTER TABLE `umaue_shtetet`
  MODIFY `ID_Shteti` int(11) NOT NULL AUTO_INCREMENT, AUTO_INCREMENT=44;

--
-- AUTO_INCREMENT for table `umaue_tedhenat`
--
ALTER TABLE `umaue_tedhenat`
  MODIFY `ID_Tedhenat` int(11) NOT NULL AUTO_INCREMENT, AUTO_INCREMENT=23;

--
-- AUTO_INCREMENT for table `umaue_t_pergjigjet`
--
ALTER TABLE `umaue_t_pergjigjet`
  MODIFY `id` int(11) NOT NULL AUTO_INCREMENT, AUTO_INCREMENT=11;

--
-- AUTO_INCREMENT for table `umaue_t_pyetje`
--
ALTER TABLE `umaue_t_pyetje`
  MODIFY `id` int(11) NOT NULL AUTO_INCREMENT, AUTO_INCREMENT=4;

--
-- AUTO_INCREMENT for table `umaue_t_sondazhi`
--
ALTER TABLE `umaue_t_sondazhi`
  MODIFY `id` int(11) NOT NULL AUTO_INCREMENT, AUTO_INCREMENT=16;

--
-- Constraints for dumped tables
--

--
-- Constraints for table `umaue_kerkese`
--
ALTER TABLE `umaue_kerkese`
  ADD CONSTRAINT `UMAUE_Kerkese` FOREIGN KEY (`ID_Kontinenti`) REFERENCES `umaue_kontinentet` (`ID_Kontinenti`);

--
-- Constraints for table `umaue_shtetet`
--
ALTER TABLE `umaue_shtetet`
  ADD CONSTRAINT `UMAUE_UKZ` FOREIGN KEY (`ID_Kontinenti`) REFERENCES `umaue_kontinentet` (`ID_Kontinenti`);
COMMIT;

/*!40101 SET CHARACTER_SET_CLIENT=@OLD_CHARACTER_SET_CLIENT */;
/*!40101 SET CHARACTER_SET_RESULTS=@OLD_CHARACTER_SET_RESULTS */;
/*!40101 SET COLLATION_CONNECTION=@OLD_COLLATION_CONNECTION */;
